id,product_name,company,pack_size,price_before_pkr,discount_percent,price_after_pkr,availability,text
drug-fd0416a5a8f3,Z-drox,Z-jans,2x6's,111,10,100,Sold Out,Z-drox is a pharmaceutical product marketed in Pakistan by Z-jans. It is sold in a pack size of 2x6's. Its retail price is Rs 100 after a 10% discount from the original price of Rs 111. Market availability: Sold Out.
drug-b8bc2c286460,Z-drox,Z-jans,60ml,167,10,150,Sold Out,Z-drox is a pharmaceutical product marketed in Pakistan by Z-jans. It is sold in a pack size of 60ml. Its retail price is Rs 150 after a 10% discount from the original price of Rs 167. Market availability: Sold Out.
drug-af15831da9cc,Z-drox,Z-jans,60ml,90,10,90,Sold Out,Z-drox is a pharmaceutical product marketed in Pakistan by Z-jans. It is sold in a pack size of 60ml. Its retail price is Rs 90 after a 10% discount from the original price of Rs 90. Market availability: Sold Out.
drug-ae110fdc609c,Z-Mac,Opal,15ml,229,10,206,Available,Z-Mac is a pharmaceutical product marketed in Pakistan by Opal. It is sold in a pack size of 15ml. Its retail price is Rs 206 after a 10% discount from the original price of Rs 229. Market availability: Available.
drug-ec9ee2fe11c3,Z-Mac,Opal,2x5's,688,10,619,Available,Z-Mac is a pharmaceutical product marketed in Pakistan by Opal. It is sold in a pack size of 2x5's. Its retail price is Rs 619 after a 10% discount from the original price of Rs 688. Market availability: Available.
drug-44f9c2fe167e,Zafixime,Zafa,1 Vial,135,10,122,Available,Zafixime is a pharmaceutical product marketed in Pakistan by Zafa. It is sold in a pack size of 1 Vial. Its retail price is Rs 122 after a 10% discount from the original price of Rs 135. Market availability: Available.
drug-2e3fababb9a4,Zafixime,Zafa,1 Vial,60,10,60,Available,Zafixime is a pharmaceutical product marketed in Pakistan by Zafa. It is sold in a pack size of 1 Vial. Its retail price is Rs 60 after a 10% discount from the original price of Rs 60. Market availability: Available.
drug-90701208f91e,Zafixime,Zafa,1 Vial,75,10,75,Available,Zafixime is a pharmaceutical product marketed in Pakistan by Zafa. It is sold in a pack size of 1 Vial. Its retail price is Rs 75 after a 10% discount from the original price of Rs 75. Market availability: Available.
drug-42d8dde99f9b,Zafon,Getz Pharma,1 x 10's,230,10,207,Available,Zafon is a pharmaceutical product marketed in Pakistan by Getz Pharma. It is sold in a pack size of 1 x 10's. Its retail price is Rs 207 after a 10% discount from the original price of Rs 230. Market availability: Available.
drug-84b82dd436df,Zafquin,Zafa,10 Ampx2ml,30,10,27,Available,Zafquin is a pharmaceutical product marketed in Pakistan by Zafa. It is sold in a pack size of 10 Ampx2ml. Its retail price is Rs 27 after a 10% discount from the original price of Rs 30. Market availability: Available.
drug-73eccb7e2163,Zaftolin,Zafa,10x10's,13,10,11,Available,Zaftolin is a pharmaceutical product marketed in Pakistan by Zafa. It is sold in a pack size of 10x10's. Its retail price is Rs 11 after a 10% discount from the original price of Rs 13. Market availability: Available.
drug-d72609eb7b3b,Zaftolin,Zafa,10x10's,11,10,10,Available,Zaftolin is a pharmaceutical product marketed in Pakistan by Zafa. It is sold in a pack size of 10x10's. Its retail price is Rs 10 after a 10% discount from the original price of Rs 11. Market availability: Available.
drug-b3cb763f68e0,Zaftolin,Zafa,60 ml,41,10,41,Available,Zaftolin is a pharmaceutical product marketed in Pakistan by Zafa. It is sold in a pack size of 60 ml. Its retail price is Rs 41 after a 10% discount from the original price of Rs 41. Market availability: Available.
drug-a1a7c269f305,Zafurox,Zafa,1 Vial,162,10,146,Available,Zafurox is a pharmaceutical product marketed in Pakistan by Zafa. It is sold in a pack size of 1 Vial. Its retail price is Rs 146 after a 10% discount from the original price of Rs 162. Market availability: Available.
drug-2f517691743f,Zafurox,Zafa,50ml,274,10,246,Available,Zafurox is a pharmaceutical product marketed in Pakistan by Zafa. It is sold in a pack size of 50ml. Its retail price is Rs 246 after a 10% discount from the original price of Rs 274. Market availability: Available.
drug-fa806f6e2242,Zafurox,Zafa,14's,346,10,311,Available,Zafurox is a pharmaceutical product marketed in Pakistan by Zafa. It is sold in a pack size of 14's. Its retail price is Rs 311 after a 10% discount from the original price of Rs 346. Market availability: Available.
drug-8112f67d0a23,Zafurox,Zafa,14's,677,10,609,Available,Zafurox is a pharmaceutical product marketed in Pakistan by Zafa. It is sold in a pack size of 14's. Its retail price is Rs 609 after a 10% discount from the original price of Rs 677. Market availability: Available.
drug-894051afca6e,Zafurox,Zafa,1 Vial,36,10,36,Available,Zafurox is a pharmaceutical product marketed in Pakistan by Zafa. It is sold in a pack size of 1 Vial. Its retail price is Rs 36 after a 10% discount from the original price of Rs 36. Market availability: Available.
drug-878fb9cd40a5,Zaline,A'raf,30s,295,10,266,Available,Zaline is a pharmaceutical product marketed in Pakistan by A'raf. It is sold in a pack size of 30s. Its retail price is Rs 266 after a 10% discount from the original price of Rs 295. Market availability: Available.
drug-e3cc8797511f,Zamoclav,Zafa,6 Vial,226,10,203,Available,Zamoclav is a pharmaceutical product marketed in Pakistan by Zafa. It is sold in a pack size of 6 Vial. Its retail price is Rs 203 after a 10% discount from the original price of Rs 226. Market availability: Available.
drug-d68fb6e82a7b,Zamoclav,Zafa,1 Vial,133,10,120,Available,Zamoclav is a pharmaceutical product marketed in Pakistan by Zafa. It is sold in a pack size of 1 Vial. Its retail price is Rs 120 after a 10% discount from the original price of Rs 133. Market availability: Available.
drug-da513f09923f,Zamoclav,Zafa,60ml,125,10,112,Available,Zamoclav is a pharmaceutical product marketed in Pakistan by Zafa. It is sold in a pack size of 60ml. Its retail price is Rs 112 after a 10% discount from the original price of Rs 125. Market availability: Available.
drug-dfebb0d513ad,Zamoclav,Zafa,60ml,171,10,153,Available,Zamoclav is a pharmaceutical product marketed in Pakistan by Zafa. It is sold in a pack size of 60ml. Its retail price is Rs 153 after a 10% discount from the original price of Rs 171. Market availability: Available.
drug-2244afee803c,Zamoclav,Zafa,6,285,10,257,Available,Zamoclav is a pharmaceutical product marketed in Pakistan by Zafa. It is sold in a pack size of 6. Its retail price is Rs 257 after a 10% discount from the original price of Rs 285. Market availability: Available.
drug-c8cdd7308c94,Zamoclav,Zafa,10,210,10,189,Available,Zamoclav is a pharmaceutical product marketed in Pakistan by Zafa. It is sold in a pack size of 10. Its retail price is Rs 189 after a 10% discount from the original price of Rs 210. Market availability: Available.
drug-755eba3cac03,Zamoclav,Zafa,1 x 10's,350,10,315,Available,Zamoclav is a pharmaceutical product marketed in Pakistan by Zafa. It is sold in a pack size of 1 x 10's. Its retail price is Rs 315 after a 10% discount from the original price of Rs 350. Market availability: Available.
drug-67c543f6238b,Zanlan,Novartis,1x30's,123,10,111,Sold Out,Zanlan is a pharmaceutical product marketed in Pakistan by Novartis. It is sold in a pack size of 1x30's. Its retail price is Rs 111 after a 10% discount from the original price of Rs 123. Market availability: Sold Out.
drug-f1e47fac6943,Zanlan,Novartis,120ml,65,10,65,Sold Out,Zanlan is a pharmaceutical product marketed in Pakistan by Novartis. It is sold in a pack size of 120ml. Its retail price is Rs 65 after a 10% discount from the original price of Rs 65. Market availability: Sold Out.
drug-4ce61f879247,Zanlan,Novartis,60ml,39,10,39,Sold Out,Zanlan is a pharmaceutical product marketed in Pakistan by Novartis. It is sold in a pack size of 60ml. Its retail price is Rs 39 after a 10% discount from the original price of Rs 39. Market availability: Sold Out.
drug-2ba0ff8488e0,Zanlan,Novartis,1x10's,42,10,42,Sold Out,Zanlan is a pharmaceutical product marketed in Pakistan by Novartis. It is sold in a pack size of 1x10's. Its retail price is Rs 42 after a 10% discount from the original price of Rs 42. Market availability: Sold Out.
drug-826e86421478,Zansulin 70/30,Zafa,1 vialx10ml,479,10,431,Sold Out,Zansulin 70/30 is a pharmaceutical product marketed in Pakistan by Zafa. It is sold in a pack size of 1 vialx10ml. Its retail price is Rs 431 after a 10% discount from the original price of Rs 479. Market availability: Sold Out.
drug-39a51e601826,Zansulin NPH,Zafa,1 vialx10ml,538,10,484,Sold Out,Zansulin NPH is a pharmaceutical product marketed in Pakistan by Zafa. It is sold in a pack size of 1 vialx10ml. Its retail price is Rs 484 after a 10% discount from the original price of Rs 538. Market availability: Sold Out.
drug-3262b6a0bd98,Zansulin Regular,Zafa,1 vialx10ml,538,10,484,Sold Out,Zansulin Regular is a pharmaceutical product marketed in Pakistan by Zafa. It is sold in a pack size of 1 vialx10ml. Its retail price is Rs 484 after a 10% discount from the original price of Rs 538. Market availability: Sold Out.
drug-75e3a0b36acd,Zanzia 10mg,A'raf,10's,202,10,182,Available,Zanzia 10mg is a pharmaceutical product marketed in Pakistan by A'raf. It is sold in a pack size of 10's. Its retail price is Rs 182 after a 10% discount from the original price of Rs 202. Market availability: Available.
drug-07cb1072194a,Zaron,Raazee,3x10's,36,10,32,Sold Out,Zaron is a pharmaceutical product marketed in Pakistan by Raazee. It is sold in a pack size of 3x10's. Its retail price is Rs 32 after a 10% discount from the original price of Rs 36. Market availability: Sold Out.
drug-c58223747522,Zatofen,Novartis,60ml,153,10,138,Available,Zatofen is a pharmaceutical product marketed in Pakistan by Novartis. It is sold in a pack size of 60ml. Its retail price is Rs 138 after a 10% discount from the original price of Rs 153. Market availability: Available.
drug-8aae46ed1965,Zatofen,Novartis,3x10's,112,10,100,Available,Zatofen is a pharmaceutical product marketed in Pakistan by Novartis. It is sold in a pack size of 3x10's. Its retail price is Rs 100 after a 10% discount from the original price of Rs 112. Market availability: Available.
drug-d671a8dd170f,Zatrocin,Usawa,10,255,10,230,Sold Out,Zatrocin is a pharmaceutical product marketed in Pakistan by Usawa. It is sold in a pack size of 10. Its retail price is Rs 230 after a 10% discount from the original price of Rs 255. Market availability: Sold Out.
drug-9c646473668f,Zatrocin,Usawa,15ml,165,10,149,Sold Out,Zatrocin is a pharmaceutical product marketed in Pakistan by Usawa. It is sold in a pack size of 15ml. Its retail price is Rs 149 after a 10% discount from the original price of Rs 165. Market availability: Sold Out.
drug-0232d3f2d27c,Zauxit,Zafa,2x10's,87,10,79,Available,Zauxit is a pharmaceutical product marketed in Pakistan by Zafa. It is sold in a pack size of 2x10's. Its retail price is Rs 79 after a 10% discount from the original price of Rs 87. Market availability: Available.
drug-6ea7f642ffed,Zavedos,Pfizer,1 Vial,9355,10,8419,Available,Zavedos is a pharmaceutical product marketed in Pakistan by Pfizer. It is sold in a pack size of 1 Vial. Its retail price is Rs 8419 after a 10% discount from the original price of Rs 9355. Market availability: Available.
drug-2eab133fbc09,Zavedos,Pfizer,1 Vial,5034,10,4530,Available,Zavedos is a pharmaceutical product marketed in Pakistan by Pfizer. It is sold in a pack size of 1 Vial. Its retail price is Rs 4530 after a 10% discount from the original price of Rs 5034. Market availability: Available.
drug-52700dfb36dc,Zavget,Getz Pharma,1 x 14's,490,10,441,Available,Zavget is a pharmaceutical product marketed in Pakistan by Getz Pharma. It is sold in a pack size of 1 x 14's. Its retail price is Rs 441 after a 10% discount from the original price of Rs 490. Market availability: Available.
drug-37a6351a4ab0,Zavicefta Powder For Concentrate For Solution For Infusion,Pfizer,1 x 10 Vials Powder,8385,10,7547,Available,Zavicefta Powder For Concentrate For Solution For Infusion is a pharmaceutical product marketed in Pakistan by Pfizer. It is sold in a pack size of 1 x 10 Vials Powder. Its retail price is Rs 7547 after a 10% discount from the original price of Rs 8385. Market availability: Available.
drug-6f027fce16b2,Zaxime,Delta Pharma,5's,335,10,302,Sold Out,Zaxime is a pharmaceutical product marketed in Pakistan by Delta Pharma. It is sold in a pack size of 5's. Its retail price is Rs 302 after a 10% discount from the original price of Rs 335. Market availability: Sold Out.
drug-1f66f46afa65,Zaxime,Delta Pharma,30ml,150,10,135,Sold Out,Zaxime is a pharmaceutical product marketed in Pakistan by Delta Pharma. It is sold in a pack size of 30ml. Its retail price is Rs 135 after a 10% discount from the original price of Rs 150. Market availability: Sold Out.
drug-6ec9bb1f86a5,Zaxime,Delta Pharma,30ml,218,10,196,Sold Out,Zaxime is a pharmaceutical product marketed in Pakistan by Delta Pharma. It is sold in a pack size of 30ml. Its retail price is Rs 196 after a 10% discount from the original price of Rs 218. Market availability: Sold Out.
drug-41310c0b8a24,Zaxime,Delta Pharma,5's,300,10,270,Sold Out,Zaxime is a pharmaceutical product marketed in Pakistan by Delta Pharma. It is sold in a pack size of 5's. Its retail price is Rs 270 after a 10% discount from the original price of Rs 300. Market availability: Sold Out.
drug-f16ac27578a9,Zaxine 75mg SR,A'raf,14's,329,10,296,Available,Zaxine 75mg SR is a pharmaceutical product marketed in Pakistan by A'raf. It is sold in a pack size of 14's. Its retail price is Rs 296 after a 10% discount from the original price of Rs 329. Market availability: Available.
drug-f32e12ace19d,Zeal,Maple,2x7's,133,10,120,Sold Out,Zeal is a pharmaceutical product marketed in Pakistan by Maple. It is sold in a pack size of 2x7's. Its retail price is Rs 120 after a 10% discount from the original price of Rs 133. Market availability: Sold Out.
drug-246fb93dec1a,Zeal,Maple,14s,182,10,164,Sold Out,Zeal is a pharmaceutical product marketed in Pakistan by Maple. It is sold in a pack size of 14s. Its retail price is Rs 164 after a 10% discount from the original price of Rs 182. Market availability: Sold Out.
drug-4601903a1c7b,Zeal,Maple,2x7's,78,10,78,Sold Out,Zeal is a pharmaceutical product marketed in Pakistan by Maple. It is sold in a pack size of 2x7's. Its retail price is Rs 78 after a 10% discount from the original price of Rs 78. Market availability: Sold Out.
drug-d433bb27b8ff,Zeboxil,Medicaids,10's,313,10,282,Sold Out,Zeboxil is a pharmaceutical product marketed in Pakistan by Medicaids. It is sold in a pack size of 10's. Its retail price is Rs 282 after a 10% discount from the original price of Rs 313. Market availability: Sold Out.
drug-b903c65c2800,Zeboxil,Medicaids,60ml,300,10,270,Sold Out,Zeboxil is a pharmaceutical product marketed in Pakistan by Medicaids. It is sold in a pack size of 60ml. Its retail price is Rs 270 after a 10% discount from the original price of Rs 300. Market availability: Sold Out.
drug-dcb5524aa1d6,Zeboxil,Medicaids,10ml,59,10,59,Sold Out,Zeboxil is a pharmaceutical product marketed in Pakistan by Medicaids. It is sold in a pack size of 10ml. Its retail price is Rs 59 after a 10% discount from the original price of Rs 59. Market availability: Sold Out.
drug-c963e480954e,Zeboxil,Medicaids,60ml,149,10,149,Sold Out,Zeboxil is a pharmaceutical product marketed in Pakistan by Medicaids. It is sold in a pack size of 60ml. Its retail price is Rs 149 after a 10% discount from the original price of Rs 149. Market availability: Sold Out.
drug-896e641b32de,Zebramid,Zeb,60s,190,10,171,Sold Out,Zebramid is a pharmaceutical product marketed in Pakistan by Zeb. It is sold in a pack size of 60s. Its retail price is Rs 171 after a 10% discount from the original price of Rs 190. Market availability: Sold Out.
drug-12b47d8df7a0,Zecef,Bosch,1 Vial,275,10,248,Available,Zecef is a pharmaceutical product marketed in Pakistan by Bosch. It is sold in a pack size of 1 Vial. Its retail price is Rs 248 after a 10% discount from the original price of Rs 275. Market availability: Available.
drug-5724385e7974,Zecef,Bosch,1 Vial,170,10,153,Available,Zecef is a pharmaceutical product marketed in Pakistan by Bosch. It is sold in a pack size of 1 Vial. Its retail price is Rs 153 after a 10% discount from the original price of Rs 170. Market availability: Available.
drug-bec7842f23c8,Zecef,Bosch,50ml,370,10,333,Available,Zecef is a pharmaceutical product marketed in Pakistan by Bosch. It is sold in a pack size of 50ml. Its retail price is Rs 333 after a 10% discount from the original price of Rs 370. Market availability: Available.
drug-a1eca3974090,Zecef,Bosch,14's,661,10,595,Available,Zecef is a pharmaceutical product marketed in Pakistan by Bosch. It is sold in a pack size of 14's. Its retail price is Rs 595 after a 10% discount from the original price of Rs 661. Market availability: Available.
drug-5c12b954fa74,Zecef,Bosch,14's,784,10,706,Available,Zecef is a pharmaceutical product marketed in Pakistan by Bosch. It is sold in a pack size of 14's. Its retail price is Rs 706 after a 10% discount from the original price of Rs 784. Market availability: Available.
drug-410f4027c180,Zecef,Bosch,1 Vial,54,10,54,Available,Zecef is a pharmaceutical product marketed in Pakistan by Bosch. It is sold in a pack size of 1 Vial. Its retail price is Rs 54 after a 10% discount from the original price of Rs 54. Market availability: Available.
drug-1568d55473c2,Zeclorin,Bryon,10,270,10,243,Available,Zeclorin is a pharmaceutical product marketed in Pakistan by Bryon. It is sold in a pack size of 10. Its retail price is Rs 243 after a 10% discount from the original price of Rs 270. Market availability: Available.
drug-96bf6c725549,Zeclorin,Bryon,10,445,10,401,Available,Zeclorin is a pharmaceutical product marketed in Pakistan by Bryon. It is sold in a pack size of 10. Its retail price is Rs 401 after a 10% discount from the original price of Rs 445. Market availability: Available.
drug-df75a038c273,Zeclorin,Bryon,60ml,223,10,201,Available,Zeclorin is a pharmaceutical product marketed in Pakistan by Bryon. It is sold in a pack size of 60ml. Its retail price is Rs 201 after a 10% discount from the original price of Rs 223. Market availability: Available.
drug-2bd441aded78,Zedan 15mg,Surge,3x10's,161,10,145,Available,Zedan 15mg is a pharmaceutical product marketed in Pakistan by Surge. It is sold in a pack size of 3x10's. Its retail price is Rs 145 after a 10% discount from the original price of Rs 161. Market availability: Available.
drug-74aced1d52cc,Zedipime,E-Lite,1 Vial,460,10,414,Sold Out,Zedipime is a pharmaceutical product marketed in Pakistan by E-Lite. It is sold in a pack size of 1 Vial. Its retail price is Rs 414 after a 10% discount from the original price of Rs 460. Market availability: Sold Out.
drug-7e5e43bbb4d6,Zedipime,E-Lite,1 Vial,275,10,248,Sold Out,Zedipime is a pharmaceutical product marketed in Pakistan by E-Lite. It is sold in a pack size of 1 Vial. Its retail price is Rs 248 after a 10% discount from the original price of Rs 275. Market availability: Sold Out.
drug-331848ef9b12,Zee,Danas,10,255,10,230,Sold Out,Zee is a pharmaceutical product marketed in Pakistan by Danas. It is sold in a pack size of 10. Its retail price is Rs 230 after a 10% discount from the original price of Rs 255. Market availability: Sold Out.
drug-53c6518f3937,Zee,Danas,6,275,10,248,Sold Out,Zee is a pharmaceutical product marketed in Pakistan by Danas. It is sold in a pack size of 6. Its retail price is Rs 248 after a 10% discount from the original price of Rs 275. Market availability: Sold Out.
drug-cb9954268384,Zeecin,Wilshire,15ml,180,10,162,Available,Zeecin is a pharmaceutical product marketed in Pakistan by Wilshire. It is sold in a pack size of 15ml. Its retail price is Rs 162 after a 10% discount from the original price of Rs 180. Market availability: Available.
drug-2f27115652f0,Zeecin,Wilshire,6,225,10,203,Available,Zeecin is a pharmaceutical product marketed in Pakistan by Wilshire. It is sold in a pack size of 6. Its retail price is Rs 203 after a 10% discount from the original price of Rs 225. Market availability: Available.
drug-1ed1f1fbaf3f,Zeecin,Wilshire,3,193,10,173,Available,Zeecin is a pharmaceutical product marketed in Pakistan by Wilshire. It is sold in a pack size of 3. Its retail price is Rs 173 after a 10% discount from the original price of Rs 193. Market availability: Available.
drug-b328da76eb75,Zeecin,Wilshire,2 x 3's,113,10,101,Available,Zeecin is a pharmaceutical product marketed in Pakistan by Wilshire. It is sold in a pack size of 2 x 3's. Its retail price is Rs 101 after a 10% discount from the original price of Rs 113. Market availability: Available.
drug-9df19116f786,Zeegap,Hilton,1x14's,376,10,338,Available,Zeegap is a pharmaceutical product marketed in Pakistan by Hilton. It is sold in a pack size of 1x14's. Its retail price is Rs 338 after a 10% discount from the original price of Rs 376. Market availability: Available.
drug-dc6a0bed9ab5,Zeegap,Hilton,1x14's,481,10,433,Available,Zeegap is a pharmaceutical product marketed in Pakistan by Hilton. It is sold in a pack size of 1x14's. Its retail price is Rs 433 after a 10% discount from the original price of Rs 481. Market availability: Available.
drug-583099ab9973,Zeegap,Hilton,1x14's,624,10,562,Available,Zeegap is a pharmaceutical product marketed in Pakistan by Hilton. It is sold in a pack size of 1x14's. Its retail price is Rs 562 after a 10% discount from the original price of Rs 624. Market availability: Available.
drug-a3239e545933,Zeegap,Hilton,1x14's,336,10,302,Available,Zeegap is a pharmaceutical product marketed in Pakistan by Hilton. It is sold in a pack size of 1x14's. Its retail price is Rs 302 after a 10% discount from the original price of Rs 336. Market availability: Available.
drug-bd6b8cf56222,Zeegap,Hilton,1x14's,543,10,489,Available,Zeegap is a pharmaceutical product marketed in Pakistan by Hilton. It is sold in a pack size of 1x14's. Its retail price is Rs 489 after a 10% discount from the original price of Rs 543. Market availability: Available.
drug-aa2d7f4eafa5,Zeenaryl,High-Q,2x10's,80,10,72,Available,Zeenaryl is a pharmaceutical product marketed in Pakistan by High-Q. It is sold in a pack size of 2x10's. Its retail price is Rs 72 after a 10% discount from the original price of Rs 80. Market availability: Available.
drug-b8137aa58a1e,Zeenaryl,High-Q,2x10's,120,10,108,Available,Zeenaryl is a pharmaceutical product marketed in Pakistan by High-Q. It is sold in a pack size of 2x10's. Its retail price is Rs 108 after a 10% discount from the original price of Rs 120. Market availability: Available.
drug-cc37081ee62b,Zeenaryl,High-Q,2x10's,127,10,114,Available,Zeenaryl is a pharmaceutical product marketed in Pakistan by High-Q. It is sold in a pack size of 2x10's. Its retail price is Rs 114 after a 10% discount from the original price of Rs 127. Market availability: Available.
drug-4c46e2227e2a,Zeenaryl,High-Q,2x10's,180,10,162,Available,Zeenaryl is a pharmaceutical product marketed in Pakistan by High-Q. It is sold in a pack size of 2x10's. Its retail price is Rs 162 after a 10% discount from the original price of Rs 180. Market availability: Available.
drug-ebab1687d5d1,Zeffix,GlaxoSmithKline,14s,1654,10,1489,Sold Out,Zeffix is a pharmaceutical product marketed in Pakistan by GlaxoSmithKline. It is sold in a pack size of 14s. Its retail price is Rs 1489 after a 10% discount from the original price of Rs 1654. Market availability: Sold Out.
drug-3a3998a1f9de,Zefo,Caraway,5's,325,10,292,Sold Out,Zefo is a pharmaceutical product marketed in Pakistan by Caraway. It is sold in a pack size of 5's. Its retail price is Rs 292 after a 10% discount from the original price of Rs 325. Market availability: Sold Out.
drug-11fbcadade3b,Zeftrox,Zafa,1 Vial,110,10,99,Available,Zeftrox is a pharmaceutical product marketed in Pakistan by Zafa. It is sold in a pack size of 1 Vial. Its retail price is Rs 99 after a 10% discount from the original price of Rs 110. Market availability: Available.
drug-82d499ac109a,Zeftrox,Zafa,1 Vial,185,10,167,Available,Zeftrox is a pharmaceutical product marketed in Pakistan by Zafa. It is sold in a pack size of 1 Vial. Its retail price is Rs 167 after a 10% discount from the original price of Rs 185. Market availability: Available.
drug-26c8f194e690,Zeftrox,Zafa,1 Vial,70,10,70,Available,Zeftrox is a pharmaceutical product marketed in Pakistan by Zafa. It is sold in a pack size of 1 Vial. Its retail price is Rs 70 after a 10% discount from the original price of Rs 70. Market availability: Available.
drug-8cd249fddc8f,Zefung,Nexus,1x1's,150,10,135,Sold Out,Zefung is a pharmaceutical product marketed in Pakistan by Nexus. It is sold in a pack size of 1x1's. Its retail price is Rs 135 after a 10% discount from the original price of Rs 150. Market availability: Sold Out.
drug-ebdc55613806,Zelium,Z-jans,50,175,10,158,Sold Out,Zelium is a pharmaceutical product marketed in Pakistan by Z-jans. It is sold in a pack size of 50. Its retail price is Rs 158 after a 10% discount from the original price of Rs 175. Market availability: Sold Out.
drug-9cac9bdeedfa,Zelium,Z-jans,60ml,70,10,70,Sold Out,Zelium is a pharmaceutical product marketed in Pakistan by Z-jans. It is sold in a pack size of 60ml. Its retail price is Rs 70 after a 10% discount from the original price of Rs 70. Market availability: Sold Out.
drug-622a5a758a7e,Zenbar,Searle,1x10's,371,10,334,Available,Zenbar is a pharmaceutical product marketed in Pakistan by Searle. It is sold in a pack size of 1x10's. Its retail price is Rs 334 after a 10% discount from the original price of Rs 371. Market availability: Available.
drug-e7467a13d935,Zenbar,Searle,1x10's,507,10,456,Available,Zenbar is a pharmaceutical product marketed in Pakistan by Searle. It is sold in a pack size of 1x10's. Its retail price is Rs 456 after a 10% discount from the original price of Rs 507. Market availability: Available.
drug-e9e2081a65db,Zenbar,Searle,2 x 7's,232,10,209,Available,Zenbar is a pharmaceutical product marketed in Pakistan by Searle. It is sold in a pack size of 2 x 7's. Its retail price is Rs 209 after a 10% discount from the original price of Rs 232. Market availability: Available.
drug-5c2c8c283e99,Zenda,A'raf,1x14's,198,10,178,Sold Out,Zenda is a pharmaceutical product marketed in Pakistan by A'raf. It is sold in a pack size of 1x14's. Its retail price is Rs 178 after a 10% discount from the original price of Rs 198. Market availability: Sold Out.
drug-ddca49c7ddf4,Zenec,L A Kurative,1x30,1800,10,1620,Sold Out,Zenec is a pharmaceutical product marketed in Pakistan by L A Kurative. It is sold in a pack size of 1x30. Its retail price is Rs 1620 after a 10% discount from the original price of Rs 1800. Market availability: Sold Out.
drug-0f439fa51ffb,Zenok,L A Kurative,1x1's,138,10,124,Sold Out,Zenok is a pharmaceutical product marketed in Pakistan by L A Kurative. It is sold in a pack size of 1x1's. Its retail price is Rs 124 after a 10% discount from the original price of Rs 138. Market availability: Sold Out.
drug-96dcd468d64f,Zentro,Bosch,14,227,10,204,Available,Zentro is a pharmaceutical product marketed in Pakistan by Bosch. It is sold in a pack size of 14. Its retail price is Rs 204 after a 10% discount from the original price of Rs 227. Market availability: Available.
drug-39d6d8e36df1,Zentro 40mg,Bosch,1x14,406,10,365,Available,Zentro 40mg is a pharmaceutical product marketed in Pakistan by Bosch. It is sold in a pack size of 1x14. Its retail price is Rs 365 after a 10% discount from the original price of Rs 406. Market availability: Available.
drug-97454e742271,Zentro Injection,Bosch,1 Vial,290,10,261,Available,Zentro Injection is a pharmaceutical product marketed in Pakistan by Bosch. It is sold in a pack size of 1 Vial. Its retail price is Rs 261 after a 10% discount from the original price of Rs 290. Market availability: Available.
drug-685e00681bd2,Zenzol,Jawa,10x6s,17,10,16,Sold Out,Zenzol is a pharmaceutical product marketed in Pakistan by Jawa. It is sold in a pack size of 10x6s. Its retail price is Rs 16 after a 10% discount from the original price of Rs 17. Market availability: Sold Out.
drug-80329f86d831,Zenzol,Jawa,30ml,22,10,22,Sold Out,Zenzol is a pharmaceutical product marketed in Pakistan by Jawa. It is sold in a pack size of 30ml. Its retail price is Rs 22 after a 10% discount from the original price of Rs 22. Market availability: Sold Out.
drug-f839366fb583,Zepim,Global-Vision,1 Vial,460,10,414,Sold Out,Zepim is a pharmaceutical product marketed in Pakistan by Global-Vision. It is sold in a pack size of 1 Vial. Its retail price is Rs 414 after a 10% discount from the original price of Rs 460. Market availability: Sold Out.
drug-eb6cb4880f92,Zepim,Global-Vision,1 Vial,250,10,225,Sold Out,Zepim is a pharmaceutical product marketed in Pakistan by Global-Vision. It is sold in a pack size of 1 Vial. Its retail price is Rs 225 after a 10% discount from the original price of Rs 250. Market availability: Sold Out.
drug-cab54463c7a0,Zepose,Wilshire,10,330,10,297,Available,Zepose is a pharmaceutical product marketed in Pakistan by Wilshire. It is sold in a pack size of 10. Its retail price is Rs 297 after a 10% discount from the original price of Rs 330. Market availability: Available.
drug-0ade597faced,Zepose,Wilshire,10,322,10,290,Available,Zepose is a pharmaceutical product marketed in Pakistan by Wilshire. It is sold in a pack size of 10. Its retail price is Rs 290 after a 10% discount from the original price of Rs 322. Market availability: Available.
drug-d1ddfa641c2f,Zepose,Wilshire,14,322,10,290,Available,Zepose is a pharmaceutical product marketed in Pakistan by Wilshire. It is sold in a pack size of 14. Its retail price is Rs 290 after a 10% discount from the original price of Rs 322. Market availability: Available.
drug-97a9fe41ef36,Zepose,Wilshire,10,105,10,95,Available,Zepose is a pharmaceutical product marketed in Pakistan by Wilshire. It is sold in a pack size of 10. Its retail price is Rs 95 after a 10% discount from the original price of Rs 105. Market availability: Available.
drug-ef625f49f235,Zepose Plus,Wilshire,10,210,10,189,Sold Out,Zepose Plus is a pharmaceutical product marketed in Pakistan by Wilshire. It is sold in a pack size of 10. Its retail price is Rs 189 after a 10% discount from the original price of Rs 210. Market availability: Sold Out.
drug-fa82633d6a15,Zepose Plus,Wilshire,10,350,10,315,Sold Out,Zepose Plus is a pharmaceutical product marketed in Pakistan by Wilshire. It is sold in a pack size of 10. Its retail price is Rs 315 after a 10% discount from the original price of Rs 350. Market availability: Sold Out.
drug-3937093b5f1e,Zepres,Asian Continental,2 x 10's,82,10,74,Available,Zepres is a pharmaceutical product marketed in Pakistan by Asian Continental. It is sold in a pack size of 2 x 10's. Its retail price is Rs 74 after a 10% discount from the original price of Rs 82. Market availability: Available.
drug-fcf6e6ae206c,Zepres,Asian Continental,2 x 10's,48,10,48,Available,Zepres is a pharmaceutical product marketed in Pakistan by Asian Continental. It is sold in a pack size of 2 x 10's. Its retail price is Rs 48 after a 10% discount from the original price of Rs 48. Market availability: Available.
drug-cdf9d62e1dc9,Zepres Plus,Asian Continental,2 x 10 's,119,10,107,Available,Zepres Plus is a pharmaceutical product marketed in Pakistan by Asian Continental. It is sold in a pack size of 2 x 10 's. Its retail price is Rs 107 after a 10% discount from the original price of Rs 119. Market availability: Available.
drug-b7d527a5e54b,Zeptra,Zephyr Pharmatec,10x20's,24,10,22,Sold Out,Zeptra is a pharmaceutical product marketed in Pakistan by Zephyr Pharmatec. It is sold in a pack size of 10x20's. Its retail price is Rs 22 after a 10% discount from the original price of Rs 24. Market availability: Sold Out.
drug-e5685023f0e3,Zeptra Ds,Zephyr Pharmatec,20 x 5's,12,10,11,Sold Out,Zeptra Ds is a pharmaceutical product marketed in Pakistan by Zephyr Pharmatec. It is sold in a pack size of 20 x 5's. Its retail price is Rs 11 after a 10% discount from the original price of Rs 12. Market availability: Sold Out.
drug-d63d220ed5a7,Zepyrine,Xenon,1x1000 's,220,10,198,Sold Out,Zepyrine is a pharmaceutical product marketed in Pakistan by Xenon. It is sold in a pack size of 1x1000 's. Its retail price is Rs 198 after a 10% discount from the original price of Rs 220. Market availability: Sold Out.
drug-30685024997a,Zepyrine,Xenon,1000's,220,10,198,Sold Out,Zepyrine is a pharmaceutical product marketed in Pakistan by Xenon. It is sold in a pack size of 1000's. Its retail price is Rs 198 after a 10% discount from the original price of Rs 220. Market availability: Sold Out.
drug-6d6b36576b84,Zerifax,AGP,1 x 10's,312,10,281,Available,Zerifax is a pharmaceutical product marketed in Pakistan by AGP. It is sold in a pack size of 1 x 10's. Its retail price is Rs 281 after a 10% discount from the original price of Rs 312. Market availability: Available.
drug-69cf9d121124,Zerifax,AGP,1 x 10's,786,10,707,Available,Zerifax is a pharmaceutical product marketed in Pakistan by AGP. It is sold in a pack size of 1 x 10's. Its retail price is Rs 707 after a 10% discount from the original price of Rs 786. Market availability: Available.
drug-e2d1ed94b3ce,Zerogout,Aspin Pharma,20's,359,10,323,Available,Zerogout is a pharmaceutical product marketed in Pakistan by Aspin Pharma. It is sold in a pack size of 20's. Its retail price is Rs 323 after a 10% discount from the original price of Rs 359. Market availability: Available.
drug-d3c53d18cc3e,Zerogout 40mg,Aspin Pharma,2 x 10's,209,10,188,Available,Zerogout 40mg is a pharmaceutical product marketed in Pakistan by Aspin Pharma. It is sold in a pack size of 2 x 10's. Its retail price is Rs 188 after a 10% discount from the original price of Rs 209. Market availability: Available.
drug-a5ea49892227,Zespra,Schazoo Pharmaceuticals,1x14's,210,10,189,Available,Zespra is a pharmaceutical product marketed in Pakistan by Schazoo Pharmaceuticals. It is sold in a pack size of 1x14's. Its retail price is Rs 189 after a 10% discount from the original price of Rs 210. Market availability: Available.
drug-a8e82e90512e,Zespra,Schazoo Pharmaceuticals,2x7's,60,10,54,Available,Zespra is a pharmaceutical product marketed in Pakistan by Schazoo Pharmaceuticals. It is sold in a pack size of 2x7's. Its retail price is Rs 54 after a 10% discount from the original price of Rs 60. Market availability: Available.
drug-b2b3b01a8881,Zestoretic,ICI Pakistan Limited,2x14's,643,10,579,Available,Zestoretic is a pharmaceutical product marketed in Pakistan by ICI Pakistan Limited. It is sold in a pack size of 2x14's. Its retail price is Rs 579 after a 10% discount from the original price of Rs 643. Market availability: Available.
drug-3ea59571f26e,Zestril,ICI Pakistan Limited,1x14's,202,10,182,Available,Zestril is a pharmaceutical product marketed in Pakistan by ICI Pakistan Limited. It is sold in a pack size of 1x14's. Its retail price is Rs 182 after a 10% discount from the original price of Rs 202. Market availability: Available.
drug-79d49a673c5b,Zestril,ICI Pakistan Limited,1x14's,388,10,350,Available,Zestril is a pharmaceutical product marketed in Pakistan by ICI Pakistan Limited. It is sold in a pack size of 1x14's. Its retail price is Rs 350 after a 10% discount from the original price of Rs 388. Market availability: Available.
drug-d6a9e46a2811,Zestril,ICI Pakistan Limited,1x14's,748,10,673,Available,Zestril is a pharmaceutical product marketed in Pakistan by ICI Pakistan Limited. It is sold in a pack size of 1x14's. Its retail price is Rs 673 after a 10% discount from the original price of Rs 748. Market availability: Available.
drug-77bc6e7971e4,Zesty,Innvotek,10,250,10,225,Sold Out,Zesty is a pharmaceutical product marketed in Pakistan by Innvotek. It is sold in a pack size of 10. Its retail price is Rs 225 after a 10% discount from the original price of Rs 250. Market availability: Sold Out.
drug-4ed6dc30b45f,Zetamax capsule,Pfizer,1x6's,301,10,271,Available,Zetamax capsule is a pharmaceutical product marketed in Pakistan by Pfizer. It is sold in a pack size of 1x6's. Its retail price is Rs 271 after a 10% discount from the original price of Rs 301. Market availability: Available.
drug-3fe3c82a9aeb,Zetamax syrup,Pfizer,22.5ml,365,10,328,Available,Zetamax syrup is a pharmaceutical product marketed in Pakistan by Pfizer. It is sold in a pack size of 22.5ml. Its retail price is Rs 328 after a 10% discount from the original price of Rs 365. Market availability: Available.
drug-7fde9324ce51,Zetamax Tab,Pfizer,6's,301,10,271,Available,Zetamax Tab is a pharmaceutical product marketed in Pakistan by Pfizer. It is sold in a pack size of 6's. Its retail price is Rs 271 after a 10% discount from the original price of Rs 301. Market availability: Available.
drug-ca5be3aedab3,Zetro,Getz Pharma,15 ml,270,10,243,Available,Zetro is a pharmaceutical product marketed in Pakistan by Getz Pharma. It is sold in a pack size of 15 ml. Its retail price is Rs 243 after a 10% discount from the original price of Rs 270. Market availability: Available.
drug-e9f0b80cb530,Zetro,Getz Pharma,1 x 10's,461,10,415,Available,Zetro is a pharmaceutical product marketed in Pakistan by Getz Pharma. It is sold in a pack size of 1 x 10's. Its retail price is Rs 415 after a 10% discount from the original price of Rs 461. Market availability: Available.
drug-5e9a7c6572df,Zetro,Getz Pharma,2 x 3's,230,10,207,Available,Zetro is a pharmaceutical product marketed in Pakistan by Getz Pharma. It is sold in a pack size of 2 x 3's. Its retail price is Rs 207 after a 10% discount from the original price of Rs 230. Market availability: Available.
drug-58d85a4b77d1,Zetro,Getz Pharma,25 ml,469,10,422,Available,Zetro is a pharmaceutical product marketed in Pakistan by Getz Pharma. It is sold in a pack size of 25 ml. Its retail price is Rs 422 after a 10% discount from the original price of Rs 469. Market availability: Available.
drug-9794daeba34b,Zewin,Orta,10,255,10,230,Sold Out,Zewin is a pharmaceutical product marketed in Pakistan by Orta. It is sold in a pack size of 10. Its retail price is Rs 230 after a 10% discount from the original price of Rs 255. Market availability: Sold Out.
drug-91cfcfbe71dd,Zewin,Orta,15ml,165,10,149,Sold Out,Zewin is a pharmaceutical product marketed in Pakistan by Orta. It is sold in a pack size of 15ml. Its retail price is Rs 149 after a 10% discount from the original price of Rs 165. Market availability: Sold Out.
drug-5d2a9328fca6,Zeworm,Wilshire,10x6s,173,10,156,Sold Out,Zeworm is a pharmaceutical product marketed in Pakistan by Wilshire. It is sold in a pack size of 10x6s. Its retail price is Rs 156 after a 10% discount from the original price of Rs 173. Market availability: Sold Out.
drug-128fea8f3484,Zezot,Bosch,6,169,10,152,Available,Zezot is a pharmaceutical product marketed in Pakistan by Bosch. It is sold in a pack size of 6. Its retail price is Rs 152 after a 10% discount from the original price of Rs 169. Market availability: Available.
drug-9b5420b64b2a,Zezot,Bosch,1 Vial,268,10,241,Available,Zezot is a pharmaceutical product marketed in Pakistan by Bosch. It is sold in a pack size of 1 Vial. Its retail price is Rs 241 after a 10% discount from the original price of Rs 268. Market availability: Available.
drug-2ca51db6dc6a,Zezot,Bosch,15ml,272,10,244,Available,Zezot is a pharmaceutical product marketed in Pakistan by Bosch. It is sold in a pack size of 15ml. Its retail price is Rs 244 after a 10% discount from the original price of Rs 272. Market availability: Available.
drug-ccdf533cfff4,Zezot,Bosch,6,346,10,311,Available,Zezot is a pharmaceutical product marketed in Pakistan by Bosch. It is sold in a pack size of 6. Its retail price is Rs 311 after a 10% discount from the original price of Rs 346. Market availability: Available.
drug-80a048145a83,Ziac,Polyfine,5's,325,10,293,Sold Out,Ziac is a pharmaceutical product marketed in Pakistan by Polyfine. It is sold in a pack size of 5's. Its retail price is Rs 293 after a 10% discount from the original price of Rs 325. Market availability: Sold Out.
drug-02ca3c5a5026,Ziac,Polyfine,30ml,140,10,126,Sold Out,Ziac is a pharmaceutical product marketed in Pakistan by Polyfine. It is sold in a pack size of 30ml. Its retail price is Rs 126 after a 10% discount from the original price of Rs 140. Market availability: Sold Out.
drug-57265bfefe8b,Ziac,Polyfine,30ml,220,10,198,Sold Out,Ziac is a pharmaceutical product marketed in Pakistan by Polyfine. It is sold in a pack size of 30ml. Its retail price is Rs 198 after a 10% discount from the original price of Rs 220. Market availability: Sold Out.
drug-223bb5d07c45,Ziapine,A'raf,1x10,467,10,420,Available,Ziapine is a pharmaceutical product marketed in Pakistan by A'raf. It is sold in a pack size of 1x10. Its retail price is Rs 420 after a 10% discount from the original price of Rs 467. Market availability: Available.
drug-593fdea06ecc,Ziapine,A'raf,1x10,725,10,653,Available,Ziapine is a pharmaceutical product marketed in Pakistan by A'raf. It is sold in a pack size of 1x10. Its retail price is Rs 653 after a 10% discount from the original price of Rs 725. Market availability: Available.
drug-ef8ba09e84ac,Ziclofen SR,novins,3x10's,77,10,69,Available,Ziclofen SR is a pharmaceutical product marketed in Pakistan by novins. It is sold in a pack size of 3x10's. Its retail price is Rs 69 after a 10% discount from the original price of Rs 77. Market availability: Available.
drug-b07bb6b29900,Zicure,Medicaids,6,140,10,126,Sold Out,Zicure is a pharmaceutical product marketed in Pakistan by Medicaids. It is sold in a pack size of 6. Its retail price is Rs 126 after a 10% discount from the original price of Rs 140. Market availability: Sold Out.
drug-bddb07242c1f,Zicure,Medicaids,15ml,140,10,126,Sold Out,Zicure is a pharmaceutical product marketed in Pakistan by Medicaids. It is sold in a pack size of 15ml. Its retail price is Rs 126 after a 10% discount from the original price of Rs 140. Market availability: Sold Out.
drug-016e3f424697,Zifi,Mcolson,5's,325,10,293,Sold Out,Zifi is a pharmaceutical product marketed in Pakistan by Mcolson. It is sold in a pack size of 5's. Its retail price is Rs 293 after a 10% discount from the original price of Rs 325. Market availability: Sold Out.
drug-a0bd3c4a7f71,Zifi,Mcolson,60ml,155,10,140,Sold Out,Zifi is a pharmaceutical product marketed in Pakistan by Mcolson. It is sold in a pack size of 60ml. Its retail price is Rs 140 after a 10% discount from the original price of Rs 155. Market availability: Sold Out.
drug-bfb8256b3ca5,Zilam,Mass-PH Health,1x14's,300,10,270,Sold Out,Zilam is a pharmaceutical product marketed in Pakistan by Mass-PH Health. It is sold in a pack size of 1x14's. Its retail price is Rs 270 after a 10% discount from the original price of Rs 300. Market availability: Sold Out.
drug-9521a17af4b5,Zilero,Pharm Evo,3x10's,571,10,514,Available,Zilero is a pharmaceutical product marketed in Pakistan by Pharm Evo. It is sold in a pack size of 3x10's. Its retail price is Rs 514 after a 10% discount from the original price of Rs 571. Market availability: Available.
drug-7fa259c8371d,Zilero,Pharm Evo,3x10's,871,10,784,Available,Zilero is a pharmaceutical product marketed in Pakistan by Pharm Evo. It is sold in a pack size of 3x10's. Its retail price is Rs 784 after a 10% discount from the original price of Rs 871. Market availability: Available.
drug-126bd969fb12,Zilpro,Wilshire,50ml,136,10,122,Sold Out,Zilpro is a pharmaceutical product marketed in Pakistan by Wilshire. It is sold in a pack size of 50ml. Its retail price is Rs 122 after a 10% discount from the original price of Rs 136. Market availability: Sold Out.
drug-a247395a4d8b,Zilpro,Wilshire,,1,0,,,Zilpro is a pharmaceutical product marketed in Pakistan by Wilshire.
drug-e48afc6e549b,Zim,Genome Pharma,15ml,165,10,149,Sold Out,Zim is a pharmaceutical product marketed in Pakistan by Genome Pharma. It is sold in a pack size of 15ml. Its retail price is Rs 149 after a 10% discount from the original price of Rs 165. Market availability: Sold Out.
drug-7f37e6111f18,Zim,Genome Pharma,10,255,10,230,Sold Out,Zim is a pharmaceutical product marketed in Pakistan by Genome Pharma. It is sold in a pack size of 10. Its retail price is Rs 230 after a 10% discount from the original price of Rs 255. Market availability: Sold Out.
drug-f0f742ff13ec,Zim,Genome Pharma,6,153,10,138,Sold Out,Zim is a pharmaceutical product marketed in Pakistan by Genome Pharma. It is sold in a pack size of 6. Its retail price is Rs 138 after a 10% discount from the original price of Rs 153. Market availability: Sold Out.
drug-92e89cd5c92b,Zim,Genome Pharma,6,275,10,248,Sold Out,Zim is a pharmaceutical product marketed in Pakistan by Genome Pharma. It is sold in a pack size of 6. Its retail price is Rs 248 after a 10% discount from the original price of Rs 275. Market availability: Sold Out.
drug-26e2530b5d4f,Zimes,Zafa,1x14's,174,10,156,Available,Zimes is a pharmaceutical product marketed in Pakistan by Zafa. It is sold in a pack size of 1x14's. Its retail price is Rs 156 after a 10% discount from the original price of Rs 174. Market availability: Available.
drug-0e834e5e7e9a,Zimes,Zafa,2 x 7's,173,10,156,Available,Zimes is a pharmaceutical product marketed in Pakistan by Zafa. It is sold in a pack size of 2 x 7's. Its retail price is Rs 156 after a 10% discount from the original price of Rs 173. Market availability: Available.
drug-31703ef4060a,Zimes,Zafa,1x14's,347,10,312,Available,Zimes is a pharmaceutical product marketed in Pakistan by Zafa. It is sold in a pack size of 1x14's. Its retail price is Rs 312 after a 10% discount from the original price of Rs 347. Market availability: Available.
drug-6f311e193cbc,Zinacef,GlaxoSmithKline,1 Vial,486,10,437,Available,Zinacef is a pharmaceutical product marketed in Pakistan by GlaxoSmithKline. It is sold in a pack size of 1 Vial. Its retail price is Rs 437 after a 10% discount from the original price of Rs 486. Market availability: Available.
drug-c5461b1257f2,Zinacef,GlaxoSmithKline,5 Vial,61,10,55,Available,Zinacef is a pharmaceutical product marketed in Pakistan by GlaxoSmithKline. It is sold in a pack size of 5 Vial. Its retail price is Rs 55 after a 10% discount from the original price of Rs 61. Market availability: Available.
drug-a74414b55129,Zinacef,GlaxoSmithKline,1 Vial,265,10,239,Available,Zinacef is a pharmaceutical product marketed in Pakistan by GlaxoSmithKline. It is sold in a pack size of 1 Vial. Its retail price is Rs 239 after a 10% discount from the original price of Rs 265. Market availability: Available.
drug-9067b2024753,Zinacef,GlaxoSmithKline,2x7's,666,10,599,Available,Zinacef is a pharmaceutical product marketed in Pakistan by GlaxoSmithKline. It is sold in a pack size of 2x7's. Its retail price is Rs 599 after a 10% discount from the original price of Rs 666. Market availability: Available.
drug-530164efb754,Zinacef,GlaxoSmithKline,1 Vial,87,10,87,Available,Zinacef is a pharmaceutical product marketed in Pakistan by GlaxoSmithKline. It is sold in a pack size of 1 Vial. Its retail price is Rs 87 after a 10% discount from the original price of Rs 87. Market availability: Available.
drug-a0647a8c85da,Zinacef,GlaxoSmithKline,2x7's,222,10,200,Available,Zinacef is a pharmaceutical product marketed in Pakistan by GlaxoSmithKline. It is sold in a pack size of 2x7's. Its retail price is Rs 200 after a 10% discount from the original price of Rs 222. Market availability: Available.
drug-5d7c8eec811e,Zinamid,Wilshire,10x10,18,10,16,Sold Out,Zinamid is a pharmaceutical product marketed in Pakistan by Wilshire. It is sold in a pack size of 10x10. Its retail price is Rs 16 after a 10% discount from the original price of Rs 18. Market availability: Sold Out.
drug-191d4dcd4fca,Zinatab,Dosaco,5x10,24,10,21,Sold Out,Zinatab is a pharmaceutical product marketed in Pakistan by Dosaco. It is sold in a pack size of 5x10. Its retail price is Rs 21 after a 10% discount from the original price of Rs 24. Market availability: Sold Out.
drug-68b1519b0981,Zink,Belle Vie,1x60's,320,10,288,Available,Zink is a pharmaceutical product marketed in Pakistan by Belle Vie. It is sold in a pack size of 1x60's. Its retail price is Rs 288 after a 10% discount from the original price of Rs 320. Market availability: Available.
drug-809d1ed3f262,Zintaxon,Zinta,1 Vial,160,10,144,Sold Out,Zintaxon is a pharmaceutical product marketed in Pakistan by Zinta. It is sold in a pack size of 1 Vial. Its retail price is Rs 144 after a 10% discount from the original price of Rs 160. Market availability: Sold Out.
drug-1bff210dfb48,Zintaxon,Zinta,1 Vial,60,10,60,Sold Out,Zintaxon is a pharmaceutical product marketed in Pakistan by Zinta. It is sold in a pack size of 1 Vial. Its retail price is Rs 60 after a 10% discount from the original price of Rs 60. Market availability: Sold Out.
drug-0282ab60f369,Zipazom,Zafa,1 Vial,139,10,125,Available,Zipazom is a pharmaceutical product marketed in Pakistan by Zafa. It is sold in a pack size of 1 Vial. Its retail price is Rs 125 after a 10% discount from the original price of Rs 139. Market availability: Available.
drug-ff3b709a28ef,Zipazom,Zafa,1 Vial,230,10,207,Available,Zipazom is a pharmaceutical product marketed in Pakistan by Zafa. It is sold in a pack size of 1 Vial. Its retail price is Rs 207 after a 10% discount from the original price of Rs 230. Market availability: Available.
drug-7d29180a10e3,Zipazom,Zafa,1 Vial,581,10,523,Available,Zipazom is a pharmaceutical product marketed in Pakistan by Zafa. It is sold in a pack size of 1 Vial. Its retail price is Rs 523 after a 10% discount from the original price of Rs 581. Market availability: Available.
drug-9be1b2ced2e1,Zipazom,Zafa,1 Vial,77,10,77,Available,Zipazom is a pharmaceutical product marketed in Pakistan by Zafa. It is sold in a pack size of 1 Vial. Its retail price is Rs 77 after a 10% discount from the original price of Rs 77. Market availability: Available.
drug-1755952ff498,Zipenta,Zafa,1 Vial,120,10,108,Available,Zipenta is a pharmaceutical product marketed in Pakistan by Zafa. It is sold in a pack size of 1 Vial. Its retail price is Rs 108 after a 10% discount from the original price of Rs 120. Market availability: Available.
drug-53c23e759676,Zipenta,Zafa,1 Vial,42,10,42,Available,Zipenta is a pharmaceutical product marketed in Pakistan by Zafa. It is sold in a pack size of 1 Vial. Its retail price is Rs 42 after a 10% discount from the original price of Rs 42. Market availability: Available.
drug-b8f6a1ba4998,Zipenta,Zafa,1 Vial,75,10,75,Available,Zipenta is a pharmaceutical product marketed in Pakistan by Zafa. It is sold in a pack size of 1 Vial. Its retail price is Rs 75 after a 10% discount from the original price of Rs 75. Market availability: Available.
drug-1b8fd7ddd9ce,Ziromax,Polyfine,6,190,10,171,Sold Out,Ziromax is a pharmaceutical product marketed in Pakistan by Polyfine. It is sold in a pack size of 6. Its retail price is Rs 171 after a 10% discount from the original price of Rs 190. Market availability: Sold Out.
drug-aefbfef4d62b,Zithagen,Genesis,10,255,10,230,Sold Out,Zithagen is a pharmaceutical product marketed in Pakistan by Genesis. It is sold in a pack size of 10. Its retail price is Rs 230 after a 10% discount from the original price of Rs 255. Market availability: Sold Out.
drug-53b01bb7a33f,Zithin,Wisdom,10,238,10,214,Sold Out,Zithin is a pharmaceutical product marketed in Pakistan by Wisdom. It is sold in a pack size of 10. Its retail price is Rs 214 after a 10% discount from the original price of Rs 238. Market availability: Sold Out.
drug-cd724899a23e,Zithin,Wisdom,6,150,10,135,Sold Out,Zithin is a pharmaceutical product marketed in Pakistan by Wisdom. It is sold in a pack size of 6. Its retail price is Rs 135 after a 10% discount from the original price of Rs 150. Market availability: Sold Out.
drug-f4c7866dcb63,Zithosim,Simz,10,255,10,230,Sold Out,Zithosim is a pharmaceutical product marketed in Pakistan by Simz. It is sold in a pack size of 10. Its retail price is Rs 230 after a 10% discount from the original price of Rs 255. Market availability: Sold Out.
drug-874a82a2cf72,Zithosim,Simz,15ml,193,10,174,Sold Out,Zithosim is a pharmaceutical product marketed in Pakistan by Simz. It is sold in a pack size of 15ml. Its retail price is Rs 174 after a 10% discount from the original price of Rs 193. Market availability: Sold Out.
drug-3e9279bcdf88,Zithrax,Biocare,1 Vial,296,10,266,Sold Out,Zithrax is a pharmaceutical product marketed in Pakistan by Biocare. It is sold in a pack size of 1 Vial. Its retail price is Rs 266 after a 10% discount from the original price of Rs 296. Market availability: Sold Out.
drug-535e5132b2a9,Zithro,Davis Pharma,6,127,10,114,Available,Zithro is a pharmaceutical product marketed in Pakistan by Davis Pharma. It is sold in a pack size of 6. Its retail price is Rs 114 after a 10% discount from the original price of Rs 127. Market availability: Available.
drug-a62fdb5e7bba,Zithro,Davis Pharma,6,275,10,248,Available,Zithro is a pharmaceutical product marketed in Pakistan by Davis Pharma. It is sold in a pack size of 6. Its retail price is Rs 248 after a 10% discount from the original price of Rs 275. Market availability: Available.
drug-6ec1e2fc7fdc,Zithrofast,Medifine,10,255,10,230,Sold Out,Zithrofast is a pharmaceutical product marketed in Pakistan by Medifine. It is sold in a pack size of 10. Its retail price is Rs 230 after a 10% discount from the original price of Rs 255. Market availability: Sold Out.
drug-f57d0f624c2b,Zithromed,Medicraft,6,200,10,180,Sold Out,Zithromed is a pharmaceutical product marketed in Pakistan by Medicraft. It is sold in a pack size of 6. Its retail price is Rs 180 after a 10% discount from the original price of Rs 200. Market availability: Sold Out.
drug-e002d99d1d3d,Zithromed,Medicraft,15ml,150,10,135,Sold Out,Zithromed is a pharmaceutical product marketed in Pakistan by Medicraft. It is sold in a pack size of 15ml. Its retail price is Rs 135 after a 10% discount from the original price of Rs 150. Market availability: Sold Out.
drug-107c3289ee6b,Zithrosan,Sante,10,432,10,389,Available,Zithrosan is a pharmaceutical product marketed in Pakistan by Sante. It is sold in a pack size of 10. Its retail price is Rs 389 after a 10% discount from the original price of Rs 432. Market availability: Available.
drug-b9980d85c587,Zithrosan,Sante,15ml,245,10,220,Available,Zithrosan is a pharmaceutical product marketed in Pakistan by Sante. It is sold in a pack size of 15ml. Its retail price is Rs 220 after a 10% discount from the original price of Rs 245. Market availability: Available.
drug-013b26fdb7f3,Zithrosan,Sante,5 ml,298,10,268,Available,Zithrosan is a pharmaceutical product marketed in Pakistan by Sante. It is sold in a pack size of 5 ml. Its retail price is Rs 268 after a 10% discount from the original price of Rs 298. Market availability: Available.
drug-ca7623947062,Zithrovel,Well  & Well,6,153,10,138,Sold Out,Zithrovel is a pharmaceutical product marketed in Pakistan by Well  & Well. It is sold in a pack size of 6. Its retail price is Rs 138 after a 10% discount from the original price of Rs 153. Market availability: Sold Out.
drug-3b7725f3d37b,Zithrovel,Well  & Well,15ml,165,10,149,Sold Out,Zithrovel is a pharmaceutical product marketed in Pakistan by Well  & Well. It is sold in a pack size of 15ml. Its retail price is Rs 149 after a 10% discount from the original price of Rs 165. Market availability: Sold Out.
drug-431c051fd644,Zithrovel,Well  & Well,6,150,10,135,Sold Out,Zithrovel is a pharmaceutical product marketed in Pakistan by Well  & Well. It is sold in a pack size of 6. Its retail price is Rs 135 after a 10% discount from the original price of Rs 150. Market availability: Sold Out.
drug-e346df5fc6a0,Zithrovel,Well  & Well,6,275,10,248,Sold Out,Zithrovel is a pharmaceutical product marketed in Pakistan by Well  & Well. It is sold in a pack size of 6. Its retail price is Rs 248 after a 10% discount from the original price of Rs 275. Market availability: Sold Out.
drug-9644fd3d23dd,Zithrowan,Wisdom,6,150,10,135,Sold Out,Zithrowan is a pharmaceutical product marketed in Pakistan by Wisdom. It is sold in a pack size of 6. Its retail price is Rs 135 after a 10% discount from the original price of Rs 150. Market availability: Sold Out.
drug-abde1c5ce295,Zithrowan,Wisdom,6,275,10,248,Sold Out,Zithrowan is a pharmaceutical product marketed in Pakistan by Wisdom. It is sold in a pack size of 6. Its retail price is Rs 248 after a 10% discount from the original price of Rs 275. Market availability: Sold Out.
drug-ef1f5d6ac8f3,Zitis,Shrooq,1x30's,200,10,180,Sold Out,Zitis is a pharmaceutical product marketed in Pakistan by Shrooq. It is sold in a pack size of 1x30's. Its retail price is Rs 180 after a 10% discount from the original price of Rs 200. Market availability: Sold Out.
drug-b8a32299c0ca,Ziton,Wisdom,10,293,10,264,Sold Out,Ziton is a pharmaceutical product marketed in Pakistan by Wisdom. It is sold in a pack size of 10. Its retail price is Rs 264 after a 10% discount from the original price of Rs 293. Market availability: Sold Out.
drug-346459eb5b8d,Zitrex,Genome Pharma,10,255,10,230,Sold Out,Zitrex is a pharmaceutical product marketed in Pakistan by Genome Pharma. It is sold in a pack size of 10. Its retail price is Rs 230 after a 10% discount from the original price of Rs 255. Market availability: Sold Out.
drug-3ac4b0609bb7,Zitrex,Genome Pharma,6,153,10,138,Sold Out,Zitrex is a pharmaceutical product marketed in Pakistan by Genome Pharma. It is sold in a pack size of 6. Its retail price is Rs 138 after a 10% discount from the original price of Rs 153. Market availability: Sold Out.
drug-18665c13fbb0,Zitrigine,A'raf,3x10's,245,10,221,Available,Zitrigine is a pharmaceutical product marketed in Pakistan by A'raf. It is sold in a pack size of 3x10's. Its retail price is Rs 221 after a 10% discount from the original price of Rs 245. Market availability: Available.
drug-0eb3541f779d,Zitrigine,A'raf,3x10's,218,10,196,Available,Zitrigine is a pharmaceutical product marketed in Pakistan by A'raf. It is sold in a pack size of 3x10's. Its retail price is Rs 196 after a 10% discount from the original price of Rs 218. Market availability: Available.
drug-a6ce8a1421c6,Zitro,Glitz,6,150,10,135,Sold Out,Zitro is a pharmaceutical product marketed in Pakistan by Glitz. It is sold in a pack size of 6. Its retail price is Rs 135 after a 10% discount from the original price of Rs 150. Market availability: Sold Out.
drug-baa8dcd370dc,Zocinitt,Lowitt,100,20,10,18,Sold Out,Zocinitt is a pharmaceutical product marketed in Pakistan by Lowitt. It is sold in a pack size of 100. Its retail price is Rs 18 after a 10% discount from the original price of Rs 20. Market availability: Sold Out.
drug-692f7d06e6c4,Zocor,OBS,1x10's,646,10,582,Available,Zocor is a pharmaceutical product marketed in Pakistan by OBS. It is sold in a pack size of 1x10's. Its retail price is Rs 582 after a 10% discount from the original price of Rs 646. Market availability: Available.
drug-896e26977e2f,Zocor,OBS,1x10's,324,10,292,Available,Zocor is a pharmaceutical product marketed in Pakistan by OBS. It is sold in a pack size of 1x10's. Its retail price is Rs 292 after a 10% discount from the original price of Rs 324. Market availability: Available.
drug-4e740249f621,Zocor,OBS,1x10's,1011,10,910,Available,Zocor is a pharmaceutical product marketed in Pakistan by OBS. It is sold in a pack size of 1x10's. Its retail price is Rs 910 after a 10% discount from the original price of Rs 1011. Market availability: Available.
drug-7fd2975c5f74,Zofran 8mg,GlaxoSmithKline,1,650,10,585,Available,Zofran 8mg is a pharmaceutical product marketed in Pakistan by GlaxoSmithKline. It is sold in a pack size of 1. Its retail price is Rs 585 after a 10% discount from the original price of Rs 650. Market availability: Available.
drug-0bd57170ef2c,Zolacort,Hudson Pharma's,20 gm,188,10,169,Available,Zolacort is a pharmaceutical product marketed in Pakistan by Hudson Pharma's. It is sold in a pack size of 20 gm. Its retail price is Rs 169 after a 10% discount from the original price of Rs 188. Market availability: Available.
drug-890cb838306a,Zolam 0.5mg,Sante,3x10's,43,10,38,Sold Out,Zolam 0.5mg is a pharmaceutical product marketed in Pakistan by Sante. It is sold in a pack size of 3x10's. Its retail price is Rs 38 after a 10% discount from the original price of Rs 43. Market availability: Sold Out.
drug-2259d307d948,Zolanix,GlaxoSmithKline,4,748,10,673,Available,Zolanix is a pharmaceutical product marketed in Pakistan by GlaxoSmithKline. It is sold in a pack size of 4. Its retail price is Rs 673 after a 10% discount from the original price of Rs 748. Market availability: Available.
drug-923a0e02ad2d,Zolard,Davis Pharma,14s,150,10,135,Sold Out,Zolard is a pharmaceutical product marketed in Pakistan by Davis Pharma. It is sold in a pack size of 14s. Its retail price is Rs 135 after a 10% discount from the original price of Rs 150. Market availability: Sold Out.
drug-fb985cf14d60,Zolat Plus,English Pharma,14s,206,10,185,Sold Out,Zolat Plus is a pharmaceutical product marketed in Pakistan by English Pharma. It is sold in a pack size of 14s. Its retail price is Rs 185 after a 10% discount from the original price of Rs 206. Market availability: Sold Out.
drug-8e0edb379b2a,Zoldic,CCL,1 Vial,15000,10,13500,Sold Out,Zoldic is a pharmaceutical product marketed in Pakistan by CCL. It is sold in a pack size of 1 Vial. Its retail price is Rs 13500 after a 10% discount from the original price of Rs 15000. Market availability: Sold Out.
drug-cf2c163d316d,Zoldria,Cipla-A.J. Mirza,1 Vial,15000,10,13500,Sold Out,Zoldria is a pharmaceutical product marketed in Pakistan by Cipla-A.J. Mirza. It is sold in a pack size of 1 Vial. Its retail price is Rs 13500 after a 10% discount from the original price of Rs 15000. Market availability: Sold Out.
drug-c4bca8975193,Zolebid,Highnoon,10x10's,22,10,19,Sold Out,Zolebid is a pharmaceutical product marketed in Pakistan by Highnoon. It is sold in a pack size of 10x10's. Its retail price is Rs 19 after a 10% discount from the original price of Rs 22. Market availability: Sold Out.
drug-ac39a2b9f307,Zoledronic Acid AHP,Al Habib Pharmaceuticals,1 Vial,21629,10,19466,Available,Zoledronic Acid AHP is a pharmaceutical product marketed in Pakistan by Al Habib Pharmaceuticals. It is sold in a pack size of 1 Vial. Its retail price is Rs 19466 after a 10% discount from the original price of Rs 21629. Market availability: Available.
drug-63bad617d5d7,Zoleric,Genix,2x7's,149,10,134,Available,Zoleric is a pharmaceutical product marketed in Pakistan by Genix. It is sold in a pack size of 2x7's. Its retail price is Rs 134 after a 10% discount from the original price of Rs 149. Market availability: Available.
drug-1fa77d3f65bd,Zoleric,Genix,2x7's,188,10,169,Available,Zoleric is a pharmaceutical product marketed in Pakistan by Genix. It is sold in a pack size of 2x7's. Its retail price is Rs 169 after a 10% discount from the original price of Rs 188. Market availability: Available.
drug-cdac06ce3d04,Zolid,Getz Pharma,2 x 7's,208,10,187,Available,Zolid is a pharmaceutical product marketed in Pakistan by Getz Pharma. It is sold in a pack size of 2 x 7's. Its retail price is Rs 187 after a 10% discount from the original price of Rs 208. Market availability: Available.
drug-ed24d4b253de,Zolid,Getz Pharma,2 x 7's,300,10,270,Available,Zolid is a pharmaceutical product marketed in Pakistan by Getz Pharma. It is sold in a pack size of 2 x 7's. Its retail price is Rs 270 after a 10% discount from the original price of Rs 300. Market availability: Available.
drug-ed1c07a523e3,Zolid plus,Getz Pharma,4 x 7's,98,10,88,Available,Zolid plus is a pharmaceutical product marketed in Pakistan by Getz Pharma. It is sold in a pack size of 4 x 7's. Its retail price is Rs 88 after a 10% discount from the original price of Rs 98. Market availability: Available.
drug-417b3ea0f2d9,Zolid plus,Getz Pharma,2 x 7's,105,10,95,Available,Zolid plus is a pharmaceutical product marketed in Pakistan by Getz Pharma. It is sold in a pack size of 2 x 7's. Its retail price is Rs 95 after a 10% discount from the original price of Rs 105. Market availability: Available.
drug-742aeef56957,Zoliget,Getz Pharma,2 x 7's,158,10,142,Available,Zoliget is a pharmaceutical product marketed in Pakistan by Getz Pharma. It is sold in a pack size of 2 x 7's. Its retail price is Rs 142 after a 10% discount from the original price of Rs 158. Market availability: Available.
drug-85dd105ea8e9,Zoliget,Getz Pharma,2 x 7's,221,10,198,Available,Zoliget is a pharmaceutical product marketed in Pakistan by Getz Pharma. It is sold in a pack size of 2 x 7's. Its retail price is Rs 198 after a 10% discount from the original price of Rs 221. Market availability: Available.
drug-11c5e2021825,Zoliget,Getz Pharma,2 x 7's,265,10,239,Available,Zoliget is a pharmaceutical product marketed in Pakistan by Getz Pharma. It is sold in a pack size of 2 x 7's. Its retail price is Rs 239 after a 10% discount from the original price of Rs 265. Market availability: Available.
drug-66178b305e9f,Zolmig,ICI Pakistan Limited,1x3's,409,10,368,Available,Zolmig is a pharmaceutical product marketed in Pakistan by ICI Pakistan Limited. It is sold in a pack size of 1x3's. Its retail price is Rs 368 after a 10% discount from the original price of Rs 409. Market availability: Available.
drug-100208150264,Zoloft,Pfizer,3x10's,895,10,805,Sold Out,Zoloft is a pharmaceutical product marketed in Pakistan by Pfizer. It is sold in a pack size of 3x10's. Its retail price is Rs 805 after a 10% discount from the original price of Rs 895. Market availability: Sold Out.
drug-587952d8871e,Zolopat 0.1%,Remington,5ml,300,10,270,Available,Zolopat 0.1% is a pharmaceutical product marketed in Pakistan by Remington. It is sold in a pack size of 5ml. Its retail price is Rs 270 after a 10% discount from the original price of Rs 300. Market availability: Available.
drug-0a57cee3e5d8,Zoloxpan,Al Kemy,5's,268,10,241,Sold Out,Zoloxpan is a pharmaceutical product marketed in Pakistan by Al Kemy. It is sold in a pack size of 5's. Its retail price is Rs 241 after a 10% discount from the original price of Rs 268. Market availability: Sold Out.
drug-f8e43bf4bf9a,Zoloxpan,Al Kemy,30ml,140,10,126,Sold Out,Zoloxpan is a pharmaceutical product marketed in Pakistan by Al Kemy. It is sold in a pack size of 30ml. Its retail price is Rs 126 after a 10% discount from the original price of Rs 140. Market availability: Sold Out.
drug-08ea2ad4d83a,Zolp,Adamjee Pharmaceuticals,2x10's,302,10,272,Sold Out,Zolp is a pharmaceutical product marketed in Pakistan by Adamjee Pharmaceuticals. It is sold in a pack size of 2x10's. Its retail price is Rs 272 after a 10% discount from the original price of Rs 302. Market availability: Sold Out.
drug-c7fd3ea279f3,Zolpip,Titlis Pharma,1x14's,189,10,170,Available,Zolpip is a pharmaceutical product marketed in Pakistan by Titlis Pharma. It is sold in a pack size of 1x14's. Its retail price is Rs 170 after a 10% discount from the original price of Rs 189. Market availability: Available.
drug-5ab0e0171e33,Zolpip,Titlis Pharma,2 x 7's,95,10,85,Available,Zolpip is a pharmaceutical product marketed in Pakistan by Titlis Pharma. It is sold in a pack size of 2 x 7's. Its retail price is Rs 85 after a 10% discount from the original price of Rs 95. Market availability: Available.
drug-29c10ca54fe2,Zolpip,Titlis Pharma,2 x 7's,158,10,142,Available,Zolpip is a pharmaceutical product marketed in Pakistan by Titlis Pharma. It is sold in a pack size of 2 x 7's. Its retail price is Rs 142 after a 10% discount from the original price of Rs 158. Market availability: Available.
drug-c3534ada9aa0,Zolpip,Titlis Pharma,1x14's,131,10,118,Available,Zolpip is a pharmaceutical product marketed in Pakistan by Titlis Pharma. It is sold in a pack size of 1x14's. Its retail price is Rs 118 after a 10% discount from the original price of Rs 131. Market availability: Available.
drug-998413d1b162,ZOLREST 600.MG TAB,Bosch,12,600,10,540,Available,ZOLREST 600.MG TAB is a pharmaceutical product marketed in Pakistan by Bosch. It is sold in a pack size of 12. Its retail price is Rs 540 after a 10% discount from the original price of Rs 600. Market availability: Available.
drug-91e32c083565,Zolsure,Medisure,1x14's,320,10,288,Sold Out,Zolsure is a pharmaceutical product marketed in Pakistan by Medisure. It is sold in a pack size of 1x14's. Its retail price is Rs 288 after a 10% discount from the original price of Rs 320. Market availability: Sold Out.
drug-d0cb9e7f9965,Zoltar,Pharm Evo,2x7's,130,10,117,Available,Zoltar is a pharmaceutical product marketed in Pakistan by Pharm Evo. It is sold in a pack size of 2x7's. Its retail price is Rs 117 after a 10% discount from the original price of Rs 130. Market availability: Available.
drug-0548215914cb,Zoltar,Pharm Evo,2x7's,141,10,127,Available,Zoltar is a pharmaceutical product marketed in Pakistan by Pharm Evo. It is sold in a pack size of 2x7's. Its retail price is Rs 127 after a 10% discount from the original price of Rs 141. Market availability: Available.
drug-11b469f58a7b,Zomacin,Stand Pharm,2ml,118,10,106,Available,Zomacin is a pharmaceutical product marketed in Pakistan by Stand Pharm. It is sold in a pack size of 2ml. Its retail price is Rs 106 after a 10% discount from the original price of Rs 118. Market availability: Available.
drug-cccc6590d9a9,Zomacin,Stand Pharm,2ml,206,10,185,Available,Zomacin is a pharmaceutical product marketed in Pakistan by Stand Pharm. It is sold in a pack size of 2ml. Its retail price is Rs 185 after a 10% discount from the original price of Rs 206. Market availability: Available.
drug-523cca1b31b8,Zomacin,Stand Pharm,2ml,299,10,269,Available,Zomacin is a pharmaceutical product marketed in Pakistan by Stand Pharm. It is sold in a pack size of 2ml. Its retail price is Rs 269 after a 10% discount from the original price of Rs 299. Market availability: Available.
drug-f4b5755cb676,Zomax,Helix Pharma,1x10's,230,10,207,Sold Out,Zomax is a pharmaceutical product marketed in Pakistan by Helix Pharma. It is sold in a pack size of 1x10's. Its retail price is Rs 207 after a 10% discount from the original price of Rs 230. Market availability: Sold Out.
drug-5b0c5d9baa9e,Zomax,Helix Pharma,15ml,165,10,149,Sold Out,Zomax is a pharmaceutical product marketed in Pakistan by Helix Pharma. It is sold in a pack size of 15ml. Its retail price is Rs 149 after a 10% discount from the original price of Rs 165. Market availability: Sold Out.
drug-0a47e5f17d56,Zomax,Helix Pharma,1x6's,240,10,216,Sold Out,Zomax is a pharmaceutical product marketed in Pakistan by Helix Pharma. It is sold in a pack size of 1x6's. Its retail price is Rs 216 after a 10% discount from the original price of Rs 240. Market availability: Sold Out.
drug-1d20636cad3f,Zometa,Novartis,1 Vialx100ml,23216,10,20894,Sold Out,Zometa is a pharmaceutical product marketed in Pakistan by Novartis. It is sold in a pack size of 1 Vialx100ml. Its retail price is Rs 20894 after a 10% discount from the original price of Rs 23216. Market availability: Sold Out.
drug-70d6c842df23,Zomysin,Al Kemy,10,220,10,198,Sold Out,Zomysin is a pharmaceutical product marketed in Pakistan by Al Kemy. It is sold in a pack size of 10. Its retail price is Rs 198 after a 10% discount from the original price of Rs 220. Market availability: Sold Out.
drug-70138046d56a,Zonacin,Akhai,10,185,10,167,Available,Zonacin is a pharmaceutical product marketed in Pakistan by Akhai. It is sold in a pack size of 10. Its retail price is Rs 167 after a 10% discount from the original price of Rs 185. Market availability: Available.
drug-5d456e388639,Zonecef,Lowitt,1 Vial,225,10,203,Sold Out,Zonecef is a pharmaceutical product marketed in Pakistan by Lowitt. It is sold in a pack size of 1 Vial. Its retail price is Rs 203 after a 10% discount from the original price of Rs 225. Market availability: Sold Out.
drug-bcdecc68c9d1,Zonecef,Lowitt,1 Vial,136,10,122,Sold Out,Zonecef is a pharmaceutical product marketed in Pakistan by Lowitt. It is sold in a pack size of 1 Vial. Its retail price is Rs 122 after a 10% discount from the original price of Rs 136. Market availability: Sold Out.
drug-ad4171df6bc8,Zonecef,Lowitt,1 Vial,75,10,75,Sold Out,Zonecef is a pharmaceutical product marketed in Pakistan by Lowitt. It is sold in a pack size of 1 Vial. Its retail price is Rs 75 after a 10% discount from the original price of Rs 75. Market availability: Sold Out.
drug-e91585ef0dc2,Zonor,Pharmatec,5 Ampx1 ml,33,10,30,Sold Out,Zonor is a pharmaceutical product marketed in Pakistan by Pharmatec. It is sold in a pack size of 5 Ampx1 ml. Its retail price is Rs 30 after a 10% discount from the original price of Rs 33. Market availability: Sold Out.
drug-0e8b6a8de38a,Zonor,Pharmatec,5x10s,86,10,77,Sold Out,Zonor is a pharmaceutical product marketed in Pakistan by Pharmatec. It is sold in a pack size of 5x10s. Its retail price is Rs 77 after a 10% discount from the original price of Rs 86. Market availability: Sold Out.
drug-120b7a2da85d,Zoom,Scilife,2x10's,195,10,176,Available,Zoom is a pharmaceutical product marketed in Pakistan by Scilife. It is sold in a pack size of 2x10's. Its retail price is Rs 176 after a 10% discount from the original price of Rs 195. Market availability: Available.
drug-e3bcdbf90933,Zoom,Scilife,2x10's,370,10,333,Available,Zoom is a pharmaceutical product marketed in Pakistan by Scilife. It is sold in a pack size of 2x10's. Its retail price is Rs 333 after a 10% discount from the original price of Rs 370. Market availability: Available.
drug-d7372c5e55ba,Zopan,Pharmatec,200's,721,10,649,Available,Zopan is a pharmaceutical product marketed in Pakistan by Pharmatec. It is sold in a pack size of 200's. Its retail price is Rs 649 after a 10% discount from the original price of Rs 721. Market availability: Available.
drug-f903971abe8a,Zopan,Pharmatec,20 x 10's,22,10,19,Available,Zopan is a pharmaceutical product marketed in Pakistan by Pharmatec. It is sold in a pack size of 20 x 10's. Its retail price is Rs 19 after a 10% discount from the original price of Rs 22. Market availability: Available.
drug-e8b2865a5866,Zopan,Pharmatec,1 x 100 's,200,10,180,Available,Zopan is a pharmaceutical product marketed in Pakistan by Pharmatec. It is sold in a pack size of 1 x 100 's. Its retail price is Rs 180 after a 10% discount from the original price of Rs 200. Market availability: Available.
drug-fdd559d46df9,Zopan,Pharmatec,100's,118,10,106,Available,Zopan is a pharmaceutical product marketed in Pakistan by Pharmatec. It is sold in a pack size of 100's. Its retail price is Rs 106 after a 10% discount from the original price of Rs 118. Market availability: Available.
drug-0bd059f82597,Zopan,Pharmatec,200's,434,10,391,Available,Zopan is a pharmaceutical product marketed in Pakistan by Pharmatec. It is sold in a pack size of 200's. Its retail price is Rs 391 after a 10% discount from the original price of Rs 434. Market availability: Available.
drug-796f16ee558c,Zopan DS,Pharmatec,20 x 10's,43,10,39,Available,Zopan DS is a pharmaceutical product marketed in Pakistan by Pharmatec. It is sold in a pack size of 20 x 10's. Its retail price is Rs 39 after a 10% discount from the original price of Rs 43. Market availability: Available.
drug-634df95f4e06,Zopent,Hilton,2x10's,375,10,338,Available,Zopent is a pharmaceutical product marketed in Pakistan by Hilton. It is sold in a pack size of 2x10's. Its retail price is Rs 338 after a 10% discount from the original price of Rs 375. Market availability: Available.
drug-67bf01d7a1ab,Zopent,Hilton,2x7's,160,10,144,Available,Zopent is a pharmaceutical product marketed in Pakistan by Hilton. It is sold in a pack size of 2x7's. Its retail price is Rs 144 after a 10% discount from the original price of Rs 160. Market availability: Available.
drug-c559a197c06a,Zopir,Glitz,6X10,200,10,180,Available,Zopir is a pharmaceutical product marketed in Pakistan by Glitz. It is sold in a pack size of 6X10. Its retail price is Rs 180 after a 10% discount from the original price of Rs 200. Market availability: Available.
drug-5fd7330c7482,Zopir,Glitz,60,128,10,115,Available,Zopir is a pharmaceutical product marketed in Pakistan by Glitz. It is sold in a pack size of 60. Its retail price is Rs 115 after a 10% discount from the original price of Rs 128. Market availability: Available.
drug-d7b5fa853f25,Zopiramate,A'raf,6x10's,233,10,210,Sold Out,Zopiramate is a pharmaceutical product marketed in Pakistan by A'raf. It is sold in a pack size of 6x10's. Its retail price is Rs 210 after a 10% discount from the original price of Rs 233. Market availability: Sold Out.
drug-86865137d8c4,Zorix,LCPW,6,194,10,174,Sold Out,Zorix is a pharmaceutical product marketed in Pakistan by LCPW. It is sold in a pack size of 6. Its retail price is Rs 174 after a 10% discount from the original price of Rs 194. Market availability: Sold Out.
drug-05d651534b9d,Zorix,LCPW,15ml,158,10,142,Sold Out,Zorix is a pharmaceutical product marketed in Pakistan by LCPW. It is sold in a pack size of 15ml. Its retail price is Rs 142 after a 10% discount from the original price of Rs 158. Market availability: Sold Out.
drug-9ea4344b000b,Zorix,LCPW,30ml,295,10,266,Sold Out,Zorix is a pharmaceutical product marketed in Pakistan by LCPW. It is sold in a pack size of 30ml. Its retail price is Rs 266 after a 10% discount from the original price of Rs 295. Market availability: Sold Out.
drug-91057eff2d93,Zotrium,Hataf Pharma,5x10's,29,10,26,Sold Out,Zotrium is a pharmaceutical product marketed in Pakistan by Hataf Pharma. It is sold in a pack size of 5x10's. Its retail price is Rs 26 after a 10% discount from the original price of Rs 29. Market availability: Sold Out.
drug-4fb70eed46d2,Zotrium,Hataf Pharma,120ml,57,10,57,Sold Out,Zotrium is a pharmaceutical product marketed in Pakistan by Hataf Pharma. It is sold in a pack size of 120ml. Its retail price is Rs 57 after a 10% discount from the original price of Rs 57. Market availability: Sold Out.
drug-f4243605b355,Zotter,Highnoon,1x10's,200,10,180,Sold Out,Zotter is a pharmaceutical product marketed in Pakistan by Highnoon. It is sold in a pack size of 1x10's. Its retail price is Rs 180 after a 10% discount from the original price of Rs 200. Market availability: Sold Out.
drug-14b0a6e2d915,Zovirax,GlaxoSmithKline,10gm,766,10,689,Sold Out,Zovirax is a pharmaceutical product marketed in Pakistan by GlaxoSmithKline. It is sold in a pack size of 10gm. Its retail price is Rs 689 after a 10% discount from the original price of Rs 766. Market availability: Sold Out.
drug-5d7e2733cda8,Zovirax 200mg,GlaxoSmithKline,25s,319,10,287,Sold Out,Zovirax 200mg is a pharmaceutical product marketed in Pakistan by GlaxoSmithKline. It is sold in a pack size of 25s. Its retail price is Rs 287 after a 10% discount from the original price of Rs 319. Market availability: Sold Out.
drug-60f605c2565b,Zrocin,Noa Hemis,15ml,165,10,149,Sold Out,Zrocin is a pharmaceutical product marketed in Pakistan by Noa Hemis. It is sold in a pack size of 15ml. Its retail price is Rs 149 after a 10% discount from the original price of Rs 165. Market availability: Sold Out.
drug-590612e9743f,Zrocin,Noa Hemis,6,150,10,135,Sold Out,Zrocin is a pharmaceutical product marketed in Pakistan by Noa Hemis. It is sold in a pack size of 6. Its retail price is Rs 135 after a 10% discount from the original price of Rs 150. Market availability: Sold Out.
drug-3797ecb35d52,Zrocin,Noa Hemis,6,275,10,248,Sold Out,Zrocin is a pharmaceutical product marketed in Pakistan by Noa Hemis. It is sold in a pack size of 6. Its retail price is Rs 248 after a 10% discount from the original price of Rs 275. Market availability: Sold Out.
drug-31c9faa8ee81,Zultra,Wilshire,2 x10s,154,10,138,Available,Zultra is a pharmaceutical product marketed in Pakistan by Wilshire. It is sold in a pack size of 2 x10s. Its retail price is Rs 138 after a 10% discount from the original price of Rs 154. Market availability: Available.
drug-9b1038d1d462,Zultracet,Wilshire,2 x 10's,155,10,140,Available,Zultracet is a pharmaceutical product marketed in Pakistan by Wilshire. It is sold in a pack size of 2 x 10's. Its retail price is Rs 140 after a 10% discount from the original price of Rs 155. Market availability: Available.
drug-dc5ff749140b,Zultracet,Wilshire,10,320,10,288,Available,Zultracet is a pharmaceutical product marketed in Pakistan by Wilshire. It is sold in a pack size of 10. Its retail price is Rs 288 after a 10% discount from the original price of Rs 320. Market availability: Available.
drug-49adea05d397,Zumin,Semos,2x7's,87,10,78,Available,Zumin is a pharmaceutical product marketed in Pakistan by Semos. It is sold in a pack size of 2x7's. Its retail price is Rs 78 after a 10% discount from the original price of Rs 87. Market availability: Available.
drug-8fb084045e0f,Zumin,Semos,2x7's,141,10,127,Available,Zumin is a pharmaceutical product marketed in Pakistan by Semos. It is sold in a pack size of 2x7's. Its retail price is Rs 127 after a 10% discount from the original price of Rs 141. Market availability: Available.
drug-ba2eb0748fb5,Zune,Wilshire,1 Vial,290,10,261,Available,Zune is a pharmaceutical product marketed in Pakistan by Wilshire. It is sold in a pack size of 1 Vial. Its retail price is Rs 261 after a 10% discount from the original price of Rs 290. Market availability: Available.
drug-f8a5135291e5,Zune,Wilshire,2x10's,148,10,133,Available,Zune is a pharmaceutical product marketed in Pakistan by Wilshire. It is sold in a pack size of 2x10's. Its retail price is Rs 133 after a 10% discount from the original price of Rs 148. Market availability: Available.
drug-9936883d4569,Zune,Wilshire,2x10's,243,10,218,Available,Zune is a pharmaceutical product marketed in Pakistan by Wilshire. It is sold in a pack size of 2x10's. Its retail price is Rs 218 after a 10% discount from the original price of Rs 243. Market availability: Available.
drug-09b722092235,Zuper,Bosch,60ml,135,10,122,Sold Out,Zuper is a pharmaceutical product marketed in Pakistan by Bosch. It is sold in a pack size of 60ml. Its retail price is Rs 122 after a 10% discount from the original price of Rs 135. Market availability: Sold Out.
drug-b71854f9314c,Zuper,Bosch,60ml,245,10,221,Sold Out,Zuper is a pharmaceutical product marketed in Pakistan by Bosch. It is sold in a pack size of 60ml. Its retail price is Rs 221 after a 10% discount from the original price of Rs 245. Market availability: Sold Out.
drug-b61f1406e988,Zurig,Getz Pharma,2 x 10's,288,10,259,Available,Zurig is a pharmaceutical product marketed in Pakistan by Getz Pharma. It is sold in a pack size of 2 x 10's. Its retail price is Rs 259 after a 10% discount from the original price of Rs 288. Market availability: Available.
drug-2b230fd0d694,Zurig,Getz Pharma,2 x 10's,450,10,405,Available,Zurig is a pharmaceutical product marketed in Pakistan by Getz Pharma. It is sold in a pack size of 2 x 10's. Its retail price is Rs 405 after a 10% discount from the original price of Rs 450. Market availability: Available.
drug-9c7adccdf1e8,Zycram,Al Habib Pharmaceuticals,1 Vial,1195,10,1076,Available,Zycram is a pharmaceutical product marketed in Pakistan by Al Habib Pharmaceuticals. It is sold in a pack size of 1 Vial. Its retail price is Rs 1076 after a 10% discount from the original price of Rs 1195. Market availability: Available.
drug-9367a3ec07df,Zygel,Bloom Pharma,1,118,10,107,Sold Out,Zygel is a pharmaceutical product marketed in Pakistan by Bloom Pharma. It is sold in a pack size of 1. Its retail price is Rs 107 after a 10% discount from the original price of Rs 118. Market availability: Sold Out.
drug-544f31fa5bb1,Zygrel,Searle,1x10's,255,10,230,Sold Out,Zygrel is a pharmaceutical product marketed in Pakistan by Searle. It is sold in a pack size of 1x10's. Its retail price is Rs 230 after a 10% discount from the original price of Rs 255. Market availability: Sold Out.
drug-9329fbb3be34,Zygrel,Searle,1x1's,255,10,230,Sold Out,Zygrel is a pharmaceutical product marketed in Pakistan by Searle. It is sold in a pack size of 1x1's. Its retail price is Rs 230 after a 10% discount from the original price of Rs 255. Market availability: Sold Out.
drug-f6e178033f84,Zygrel,Searle,1x3's,125,10,113,Sold Out,Zygrel is a pharmaceutical product marketed in Pakistan by Searle. It is sold in a pack size of 1x3's. Its retail price is Rs 113 after a 10% discount from the original price of Rs 125. Market availability: Sold Out.
drug-27a7ecb6f2e0,Zygrel,Searle,15ml,164,10,148,Sold Out,Zygrel is a pharmaceutical product marketed in Pakistan by Searle. It is sold in a pack size of 15ml. Its retail price is Rs 148 after a 10% discount from the original price of Rs 164. Market availability: Sold Out.
drug-03bdfb30019c,Zylexx SR,A'raf,2 x 10's,239,10,215,Available,Zylexx SR is a pharmaceutical product marketed in Pakistan by A'raf. It is sold in a pack size of 2 x 10's. Its retail price is Rs 215 after a 10% discount from the original price of Rs 239. Market availability: Available.
drug-ce1f40b7e586,Zylexx SR 75mg,A'raf,10's x 2,159,10,143,Available,Zylexx SR 75mg is a pharmaceutical product marketed in Pakistan by A'raf. It is sold in a pack size of 10's x 2. Its retail price is Rs 143 after a 10% discount from the original price of Rs 159. Market availability: Available.
drug-2a0097543429,Zylofixim,Remington,5's,399,10,359,Available,Zylofixim is a pharmaceutical product marketed in Pakistan by Remington. It is sold in a pack size of 5's. Its retail price is Rs 359 after a 10% discount from the original price of Rs 399. Market availability: Available.
drug-3cc82bd82311,Zylofixim,Remington,30ml,232,10,208,Available,Zylofixim is a pharmaceutical product marketed in Pakistan by Remington. It is sold in a pack size of 30ml. Its retail price is Rs 208 after a 10% discount from the original price of Rs 232. Market availability: Available.
drug-e1d1e07818cb,Zylofixim,Remington,30ml,272,10,245,Available,Zylofixim is a pharmaceutical product marketed in Pakistan by Remington. It is sold in a pack size of 30ml. Its retail price is Rs 245 after a 10% discount from the original price of Rs 272. Market availability: Available.
drug-a392192c9991,Zyloric,GlaxoSmithKline,5 x 10's,34,10,31,Available,Zyloric is a pharmaceutical product marketed in Pakistan by GlaxoSmithKline. It is sold in a pack size of 5 x 10's. Its retail price is Rs 31 after a 10% discount from the original price of Rs 34. Market availability: Available.
drug-acd22e2a818b,Zyloric,GlaxoSmithKline,30,83,10,75,Available,Zyloric is a pharmaceutical product marketed in Pakistan by GlaxoSmithKline. It is sold in a pack size of 30. Its retail price is Rs 75 after a 10% discount from the original price of Rs 83. Market availability: Available.
drug-3614ba1fc4a0,Zymacef,Shawan,1 Vial,160,10,144,Sold Out,Zymacef is a pharmaceutical product marketed in Pakistan by Shawan. It is sold in a pack size of 1 Vial. Its retail price is Rs 144 after a 10% discount from the original price of Rs 160. Market availability: Sold Out.
drug-c82b95786fd4,Zymacef,Shawan,1 Vial,60,10,60,Sold Out,Zymacef is a pharmaceutical product marketed in Pakistan by Shawan. It is sold in a pack size of 1 Vial. Its retail price is Rs 60 after a 10% discount from the original price of Rs 60. Market availability: Sold Out.
drug-7898ae8cd041,Zymacef,Shawan,1 Vial,99,10,99,Sold Out,Zymacef is a pharmaceutical product marketed in Pakistan by Shawan. It is sold in a pack size of 1 Vial. Its retail price is Rs 99 after a 10% discount from the original price of Rs 99. Market availability: Sold Out.
drug-6aeb2ac69c98,Zyprexa,Eli Lilly,4x7's,4483,10,4035,Available,Zyprexa is a pharmaceutical product marketed in Pakistan by Eli Lilly. It is sold in a pack size of 4x7's. Its retail price is Rs 4035 after a 10% discount from the original price of Rs 4483. Market availability: Available.
drug-2f444c6a7dae,Zyprexa,Eli Lilly,1x7's,2384,10,2146,Available,Zyprexa is a pharmaceutical product marketed in Pakistan by Eli Lilly. It is sold in a pack size of 1x7's. Its retail price is Rs 2146 after a 10% discount from the original price of Rs 2384. Market availability: Available.
drug-8302036d1db7,Zyprexa,Eli Lilly,4x7's,1722,10,1550,Available,Zyprexa is a pharmaceutical product marketed in Pakistan by Eli Lilly. It is sold in a pack size of 4x7's. Its retail price is Rs 1550 after a 10% discount from the original price of Rs 1722. Market availability: Available.
drug-4ed7fdc2709f,Zyrtec,GlaxoSmithKline,2x15's,144,10,130,Available,Zyrtec is a pharmaceutical product marketed in Pakistan by GlaxoSmithKline. It is sold in a pack size of 2x15's. Its retail price is Rs 130 after a 10% discount from the original price of Rs 144. Market availability: Available.
drug-368e71f48c4c,Zyrtec,GlaxoSmithKline,60ml,112,10,112,Available,Zyrtec is a pharmaceutical product marketed in Pakistan by GlaxoSmithKline. It is sold in a pack size of 60ml. Its retail price is Rs 112 after a 10% discount from the original price of Rs 112. Market availability: Available.
drug-981f67e77be4,Zystat,Global-Vision,20,189,10,170,Sold Out,Zystat is a pharmaceutical product marketed in Pakistan by Global-Vision. It is sold in a pack size of 20. Its retail price is Rs 170 after a 10% discount from the original price of Rs 189. Market availability: Sold Out.
drug-38060ad76cb0,Zystat,Global-Vision,20,290,10,261,Sold Out,Zystat is a pharmaceutical product marketed in Pakistan by Global-Vision. It is sold in a pack size of 20. Its retail price is Rs 261 after a 10% discount from the original price of Rs 290. Market availability: Sold Out.
